id,value
id_0,30
id_1,41
id_2,44
id_3,33
id_4,37
id_5,36
id_6,45
id_7,42
id_8,49
id_9,45
id_10,44
id_11,41
id_12,30
id_13,24
id_14,13
id_15,21
id_16,23
id_17,30
id_18,30
id_19,22
id_20,18
id_21,13
id_22,13
id_23,11
id_24,22
id_25,25
id_26,34
id_27,38
id_28,50
id_29,53
id_30,43
id_31,43
id_32,45
id_33,46
id_34,32
id_35,16
id_36,19
id_37,22
id_38,26
id_39,19
id_40,25
id_41,27
id_42,20
id_43,16
id_44,14
id_45,15
id_46,8
id_47,4
id_48,9
id_49,16
id_50,22
id_51,23
id_52,29
id_53,32
id_54,36
id_55,34
id_56,45
id_57,40
id_58,41
id_59,23
id_60,29
id_61,23
id_62,37
id_63,27
id_64,27
id_65,14
id_66,20
id_67,22
id_68,24
id_69,26
id_70,33
id_71,48
id_72,50
id_73,49
id_74,45
id_75,63
id_76,63
id_77,62
id_78,55
id_79,56
id_80,67
id_81,78
id_82,83
id_83,90
id_84,75
id_85,85
id_86,82
id_87,80
id_88,80
id_89,76
id_90,81
id_91,75
id_92,66
id_93,70
id_94,65
id_95,66
id_96,57
id_97,56
id_98,64
id_99,67
id_100,72
id_101,64
id_102,73
id_103,57
id_104,57
id_105,53
id_106,70
id_107,70
id_108,60
id_109,68
id_110,66
id_111,66
id_112,55
id_113,46
id_114,46
id_115,46
id_116,42
id_117,35
id_118,35
id_119,40
id_120,45
id_121,48
id_122,57
id_123,57
id_124,59
id_125,62
id_126,59
id_127,61
id_128,50
id_129,60
id_130,62
id_131,62
id_132,50
id_133,45
id_134,43
id_135,41
id_136,32
id_137,35
id_138,31
id_139,33
id_140,25
id_141,36
id_142,28
id_143,33
id_144,29
id_145,42
id_146,56
id_147,66
id_148,78
id_149,62
id_150,61
id_151,47
id_152,54
id_153,57
id_154,59
id_155,61
id_156,43
id_157,39
id_158,38
id_159,48
id_160,53
id_161,60
id_162,60
id_163,52
id_164,47
id_165,45
id_166,50
id_167,43
id_168,40
id_169,42
id_170,41
id_171,39
id_172,36
id_173,35
id_174,36
id_175,36
id_176,32
id_177,33
id_178,33
id_179,34
id_180,21
id_181,15
id_182,13
id_183,18
id_184,15
id_185,9
id_186,9
id_187,14
id_188,15
id_189,20
id_190,16
id_191,23
id_192,16
id_193,17
id_194,9
id_195,7
id_196,7
id_197,20
id_198,20
id_199,20
id_200,18
id_201,18
id_202,22
id_203,15
id_204,11
id_205,1
id_206,1
id_207,6
id_208,7
id_209,7
id_210,0
id_211,0
id_212,1
id_213,1
id_214,7
id_215,7
id_216,8
id_217,4
id_218,8
id_219,12
id_220,19
id_221,23
id_222,20
id_223,18
id_224,15
id_225,16
id_226,10
id_227,6
id_228,11
id_229,22
id_230,28
id_231,25
id_232,21
id_233,25
id_234,24
id_235,23
id_236,18
id_237,20
id_238,14
id_239,7
id_240,17
id_241,31
id_242,44
id_243,43
id_244,46
id_245,36
id_246,36
id_247,29
id_248,32
id_249,33
id_250,30
id_251,40
id_252,36
id_253,46
id_254,41
id_255,48
id_256,56
id_257,62
id_258,52
id_259,40
id_260,32
id_261,37
id_262,31
id_263,34
id_264,32
id_265,33
id_266,31
id_267,21
id_268,20
id_269,19
id_270,24
id_271,25
id_272,14
id_273,16
id_274,22
id_275,23
id_276,18
id_277,6
id_278,9
id_279,10
id_280,10
id_281,10
id_282,13
id_283,18
id_284,16
id_285,7
id_286,5
id_287,2
id_288,11
id_289,8
id_290,21
id_291,17
id_292,23
id_293,18
id_294,29
id_295,38
id_296,43
id_297,44
id_298,48
id_299,47
id_300,36
id_301,25
id_302,23
id_303,29
id_304,23
id_305,21
id_306,21
id_307,30
id_308,26
id_309,26
id_310,26
id_311,23
id_312,16
id_313,4
id_314,6
id_315,6
id_316,8
id_317,10
id_318,6
id_319,4
id_320,7
id_321,14
id_322,20
id_323,17
id_324,14
id_325,13
id_326,9
id_327,9
id_328,4
id_329,8
id_330,5
id_331,14
id_332,11
id_333,13
id_334,4
id_335,9
id_336,15
id_337,23
id_338,23
id_339,18
id_340,10
id_341,4
id_342,13
id_343,14
id_344,18
id_345,20
id_346,25
id_347,24
id_348,14
id_349,15
id_350,22
id_351,24
id_352,16
id_353,7
id_354,7
id_355,6
id_356,5
id_357,2
id_358,17
id_359,15
id_360,33
id_361,25
id_362,30
id_363,15
id_364,20
id_365,30
id_366,41
id_367,38
id_368,34
id_369,27
id_370,26
id_371,27
id_372,22
id_373,28
id_374,29
id_375,27
id_376,25
id_377,22
id_378,23
id_379,22
id_380,22
id_381,23
id_382,11
id_383,2
id_384,18
id_385,31
id_386,36
id_387,22
id_388,22
id_389,16
id_390,20
id_391,16
id_392,34
id_393,32
id_394,27
id_395,17
id_396,22
id_397,24
id_398,17
id_399,17
id_400,26
id_401,25
id_402,24
id_403,10
id_404,7
id_405,11
id_406,16
id_407,19
id_408,9
id_409,8
id_410,6
id_411,32
id_412,50
id_413,81
id_414,90
id_415,109
id_416,109
id_417,105
id_418,102
id_419,106
id_420,107
id_421,92
id_422,80
id_423,64
id_424,52
id_425,36
id_426,41
id_427,46
id_428,48
id_429,38
id_430,21
id_431,11
id_432,11
id_433,40
id_434,64
id_435,75
id_436,62
id_437,50
id_438,57
id_439,66
id_440,72
id_441,77
id_442,72
id_443,75
id_444,72
id_445,69
id_446,62
id_447,61
id_448,59
id_449,60
id_450,48
id_451,53
id_452,60
id_453,66
id_454,53
id_455,55
id_456,57
id_457,57
id_458,51
id_459,46
id_460,-1
id_461,51
id_462,47
id_463,44
id_464,46
id_465,46
id_466,39
id_467,18
id_468,19
id_469,23
id_470,34
id_471,30
id_472,32
id_473,36
id_474,29
id_475,16
id_476,10
id_477,23
id_478,27
id_479,33
id_480,21
id_481,32
id_482,30
id_483,36
id_484,26
id_485,21
id_486,19
id_487,19
id_488,19
id_489,18
id_490,27
id_491,37
id_492,39
id_493,31
id_494,25
id_495,22
id_496,20
id_497,13
id_498,8
id_499,15
id_500,13
id_501,22
id_502,19
id_503,23
id_504,15
id_505,17
id_506,13
id_507,21
id_508,22
id_509,33
id_510,28
id_511,25
id_512,21
id_513,23
id_514,27
id_515,29
id_516,30
id_517,31
id_518,29
id_519,31
id_520,26
id_521,17
id_522,13
id_523,18
id_524,29
id_525,22
id_526,21
id_527,23
id_528,34
id_529,32
id_530,24
id_531,23
id_532,28
id_533,30
id_534,32
id_535,24
id_536,27
id_537,17
id_538,20
id_539,20
id_540,29
id_541,25
id_542,25
id_543,22
id_544,27
id_545,22
id_546,31
id_547,32
id_548,35
id_549,25
id_550,14
id_551,7
id_552,0
id_553,2
id_554,7
id_555,11
id_556,7
id_557,8
id_558,12
id_559,15
id_560,17
id_561,9
id_562,11
id_563,5
id_564,7
id_565,5
id_566,9
id_567,6
id_568,6
id_569,4
id_570,4
id_571,0
id_572,0
id_573,0
id_574,2
id_575,2
id_576,2
id_577,8
id_578,8
id_579,8
id_580,20
id_581,28
id_582,36
id_583,23
id_584,21
id_585,25
id_586,16
id_587,19
id_588,17
id_589,18
id_590,12
id_591,13
id_592,22
id_593,29
id_594,21
id_595,21
id_596,14
id_597,16
id_598,6
id_599,11
id_600,10
id_601,14
id_602,8
id_603,23
id_604,21
id_605,29
id_606,29
id_607,34
id_608,39
id_609,40
id_610,52
id_611,50
id_612,50
id_613,40
id_614,43
id_615,46
id_616,44
id_617,38
id_618,36
id_619,23
id_620,19
id_621,7
id_622,21
id_623,20
id_624,25
id_625,16
id_626,18
id_627,20
id_628,25
id_629,24
id_630,25
id_631,27
id_632,24
id_633,23
id_634,20
id_635,28
id_636,41
id_637,34
id_638,39
id_639,32
id_640,35
id_641,25
id_642,13
id_643,12
id_644,7
id_645,7
id_646,6
id_647,7
id_648,9
id_649,6
id_650,6
id_651,4
id_652,6
id_653,7
id_654,15
id_655,12
id_656,7
id_657,0
id_658,3
id_659,5
id_660,9
id_661,4
id_662,8
id_663,4
id_664,6
id_665,0
id_666,0
id_667,0
id_668,7
id_669,7
id_670,5
id_671,7
id_672,10
id_673,10
id_674,3
id_675,0
id_676,0
id_677,11
id_678,12
id_679,12
id_680,2
id_681,6
id_682,6
id_683,4
id_684,0
id_685,1
id_686,0
id_687,0
id_688,0
id_689,4
id_690,4
id_691,8
id_692,9
id_693,13
id_694,10
id_695,4
id_696,0
id_697,5
id_698,5
id_699,5
id_700,4
id_701,3
id_702,11
id_703,7
id_704,15
id_705,8
id_706,19
id_707,10
id_708,9
id_709,3
id_710,3
id_711,4
id_712,0
id_713,2
id_714,1
id_715,11
id_716,13
id_717,13
id_718,15
id_719,17
id_720,23
id_721,20
id_722,15
id_723,12
id_724,9
id_725,6
id_726,4
id_727,4
id_728,6
id_729,6
id_730,7
id_731,8
id_732,8
id_733,13
id_734,4
id_735,12
id_736,7
id_737,7
id_738,1
id_739,0
id_740,0
id_741,1
id_742,4
id_743,6
id_744,4
id_745,1
id_746,6
id_747,9
id_748,9
id_749,6
id_750,14
id_751,14
id_752,78
id_753,45
id_754,37
id_755,13
id_756,12
id_757,5
id_758,11
id_759,8
id_760,8
id_761,4
id_762,10
id_763,10
id_764,5
id_765,1
id_766,3
id_767,4
id_768,1
id_769,0
id_770,4
id_771,10
id_772,10
id_773,17
id_774,14
id_775,19
id_776,11
id_777,16
id_778,21
id_779,21
id_780,21
id_781,19
id_782,19
id_783,11
id_784,6
id_785,1
id_786,1
id_787,10
id_788,16
id_789,19
id_790,7
id_791,4
id_792,6
id_793,16
id_794,13
id_795,9
id_796,6
id_797,14
id_798,18
id_799,17
id_800,14
id_801,18
id_802,22
id_803,32
id_804,31
id_805,29
id_806,25
id_807,26
id_808,17
id_809,7
id_810,1
id_811,1
id_812,2
id_813,5
id_814,6
id_815,8
id_816,3
id_817,5
id_818,17
id_819,19
id_820,22
id_821,10
id_822,19
id_823,19
id_824,19
id_825,17
id_826,19
id_827,26
id_828,26
id_829,37
id_830,38
id_831,46
id_832,38
id_833,34
id_834,27
id_835,21
id_836,25
id_837,25
id_838,23
id_839,21
id_840,21
id_841,22
id_842,23
id_843,26
id_844,30
id_845,42
id_846,49
id_847,52
id_848,51
id_849,50
id_850,48
id_851,51
id_852,49
id_853,52
id_854,46
id_855,42
id_856,39
id_857,29
id_858,35
id_859,32
id_860,38
id_861,23
id_862,21
id_863,13
id_864,19
id_865,14
id_866,14
id_867,9
id_868,21
id_869,21
id_870,34
id_871,31
id_872,33
id_873,25
id_874,25
id_875,24
id_876,34
id_877,48
id_878,62
id_879,65
id_880,61
id_881,57
id_882,46
id_883,27
id_884,14
id_885,5
id_886,4
id_887,11
id_888,21
id_889,36
id_890,35
id_891,54
id_892,54
id_893,59
id_894,47
id_895,49
id_896,43
id_897,35
id_898,18
id_899,9
id_900,0
id_901,0
id_902,1
id_903,2
id_904,2
id_905,0
id_906,0
id_907,0
id_908,5
id_909,5
id_910,10
id_911,10
id_912,10
id_913,6
id_914,0
id_915,0
id_916,0
id_917,0
id_918,0
id_919,0
id_920,0
id_921,7
id_922,7
id_923,9
id_924,7
id_925,12
id_926,23
id_927,27
id_928,25
id_929,16
id_930,12
id_931,10
id_932,9
id_933,12
id_934,11
id_935,16
id_936,14
id_937,20
id_938,18
id_939,9
id_940,6
id_941,12
id_942,12
id_943,32
id_944,32
id_945,40
id_946,27
id_947,41
id_948,35
id_949,38
id_950,34
id_951,13
id_952,7
id_953,3
id_954,3
id_955,3
id_956,8
id_957,4
id_958,9
id_959,18
id_960,32
id_961,37
id_962,34
id_963,30
id_964,40
id_965,39
id_966,35
id_967,30
id_968,31
id_969,35
id_970,33
id_971,37
id_972,43
id_973,47
id_974,51
id_975,51
id_976,62
id_977,61
id_978,47
id_979,21
id_980,2
id_981,0
id_982,2
id_983,2
id_984,2
id_985,1
id_986,1
id_987,4
id_988,7
id_989,9
id_990,8
id_991,5
id_992,11
id_993,15
id_994,16
id_995,16
id_996,14
id_997,11
id_998,3
id_999,0
id_1000,2
id_1001,3
id_1002,3
id_1003,0
id_1004,1
id_1005,1
id_1006,7
id_1007,10
id_1008,18
id_1009,25
id_1010,32
id_1011,35
id_1012,24
id_1013,11
id_1014,9
id_1015,19
id_1016,23
id_1017,22
id_1018,18
id_1019,18
id_1020,13
id_1021,13
id_1022,21
id_1023,24
id_1024,26
id_1025,19
id_1026,20
id_1027,20
id_1028,22
id_1029,26
id_1030,29
id_1031,37
id_1032,37
id_1033,39
id_1034,38
id_1035,41
id_1036,47
id_1037,52
id_1038,56
id_1039,60
id_1040,60
id_1041,59
id_1042,49
id_1043,32
id_1044,24
id_1045,21
id_1046,34
id_1047,28
id_1048,19
id_1049,9
id_1050,3
id_1051,2
id_1052,1
id_1053,5
id_1054,5
id_1055,6
id_1056,7
id_1057,7
id_1058,9
id_1059,3
id_1060,3
id_1061,2
id_1062,4
id_1063,5
id_1064,4
id_1065,10
id_1066,18
id_1067,17
id_1068,17
id_1069,9
id_1070,13
id_1071,5
id_1072,9
id_1073,2
id_1074,4
id_1075,0
id_1076,0
id_1077,0
id_1078,6
id_1079,8
id_1080,14
id_1081,16
id_1082,16
id_1083,24
id_1084,20
id_1085,24
id_1086,29
id_1087,41
id_1088,32
id_1089,23
id_1090,10
id_1091,6
id_1092,1
id_1093,0
id_1094,1
id_1095,4
id_1096,7
id_1097,10
id_1098,8
id_1099,5
id_1100,0
id_1101,0
id_1102,0
id_1103,0
id_1104,0
id_1105,0
id_1106,0
id_1107,13
id_1108,15
id_1109,21
id_1110,15
id_1111,18
id_1112,19
id_1113,20
id_1114,24
id_1115,17
id_1116,21
id_1117,21
id_1118,29
id_1119,23
id_1120,21
id_1121,20
id_1122,18
id_1123,26
id_1124,20
id_1125,21
id_1126,9
id_1127,8
id_1128,18
id_1129,28
id_1130,37
id_1131,21
id_1132,9
id_1133,2
id_1134,6
id_1135,11
id_1136,18
id_1137,18
id_1138,12
id_1139,2
id_1140,0
id_1141,0
id_1142,0
id_1143,4
id_1144,4
id_1145,6
id_1146,1
id_1147,1
id_1148,0
id_1149,0
id_1150,0
id_1151,0
id_1152,0
id_1153,0
id_1154,1
id_1155,9
id_1156,15
id_1157,13
id_1158,8
id_1159,6
id_1160,11
id_1161,14
id_1162,19
id_1163,14
id_1164,10
id_1165,6
id_1166,10
id_1167,9
id_1168,4
id_1169,4
id_1170,7
id_1171,7
id_1172,4
id_1173,1
id_1174,14
id_1175,24
id_1176,31
id_1177,31
id_1178,31
id_1179,33
id_1180,36
id_1181,51
id_1182,70
id_1183,86
id_1184,86
id_1185,74
id_1186,70
id_1187,77
id_1188,85
id_1189,78
id_1190,68
id_1191,62
id_1192,63
id_1193,64
id_1194,61
id_1195,57
id_1196,43
id_1197,34
id_1198,26
id_1199,26
id_1200,36
id_1201,53
id_1202,54
id_1203,59
id_1204,61
id_1205,69
id_1206,66
id_1207,66
id_1208,73
id_1209,71
id_1210,60
id_1211,44
id_1212,45
id_1213,44
id_1214,49
id_1215,46
id_1216,46
id_1217,37
id_1218,28
id_1219,32
id_1220,42
id_1221,42
id_1222,49
id_1223,57
id_1224,80
id_1225,93
id_1226,75
id_1227,54
id_1228,28
id_1229,31
id_1230,47
id_1231,69
id_1232,97
id_1233,98
id_1234,94
id_1235,85
id_1236,68
id_1237,49
id_1238,16
id_1239,6
id_1240,5
id_1241,18
id_1242,19
id_1243,14
id_1244,7
id_1245,7
id_1246,13
id_1247,7
id_1248,5
id_1249,3
id_1250,4
id_1251,7
id_1252,6
id_1253,6
id_1254,3
id_1255,1
id_1256,0
id_1257,0
id_1258,0
id_1259,5
id_1260,10
id_1261,10
id_1262,8
id_1263,7
id_1264,19
id_1265,23
id_1266,34
id_1267,34
id_1268,41
id_1269,39
id_1270,40
id_1271,48
id_1272,47
id_1273,44
id_1274,34
id_1275,40
id_1276,42
id_1277,48
id_1278,39
id_1279,37
id_1280,28
id_1281,36
id_1282,41
id_1283,36
id_1284,24
id_1285,19
id_1286,34
id_1287,36
id_1288,37
id_1289,37
id_1290,40
id_1291,47
id_1292,48
id_1293,62
id_1294,72
id_1295,76
id_1296,78
id_1297,70
id_1298,62
id_1299,49
id_1300,47
id_1301,52
id_1302,62
id_1303,59
id_1304,59
id_1305,61
id_1306,68
id_1307,69
id_1308,57
id_1309,49
id_1310,45
id_1311,58
id_1312,54
id_1313,52
id_1314,43
id_1315,39
id_1316,27
id_1317,27
id_1318,36
id_1319,56
id_1320,62
id_1321,65
id_1322,62
id_1323,70
id_1324,67
id_1325,67
id_1326,62
id_1327,61
id_1328,60
id_1329,54
id_1330,61
id_1331,61
id_1332,61
id_1333,47
id_1334,45
id_1335,27
id_1336,16
id_1337,8
id_1338,15
id_1339,21
id_1340,27
id_1341,25
id_1342,34
id_1343,34
id_1344,45
id_1345,55
id_1346,61
id_1347,70
id_1348,76
id_1349,71
id_1350,56
id_1351,43
id_1352,51
id_1353,51
id_1354,52
id_1355,45
id_1356,48
id_1357,40
id_1358,34
id_1359,26
id_1360,25
id_1361,21
id_1362,16
id_1363,19
id_1364,18
id_1365,16
id_1366,4
id_1367,13
id_1368,29
id_1369,49
id_1370,49
id_1371,57
id_1372,51
id_1373,44
id_1374,42
id_1375,48
id_1376,50
id_1377,44
id_1378,40
id_1379,45
id_1380,44
id_1381,43
id_1382,34
id_1383,40
id_1384,44
id_1385,46
id_1386,44
id_1387,43
id_1388,51
id_1389,53
id_1390,50
id_1391,51
id_1392,57
id_1393,71
id_1394,64
id_1395,62
id_1396,51
id_1397,52
id_1398,47
id_1399,53
id_1400,59
id_1401,73
id_1402,74
id_1403,83
id_1404,82
id_1405,70
id_1406,51
id_1407,23
id_1408,22
id_1409,51
id_1410,51
id_1411,51
id_1412,51
id_1413,50
id_1414,40
id_1415,46
id_1416,47
id_1417,50
id_1418,45
id_1419,32
id_1420,21
id_1421,21
id_1422,27
id_1423,31
id_1424,31
id_1425,31
id_1426,31
id_1427,34
id_1428,27
id_1429,34
id_1430,32
id_1431,38
id_1432,27
id_1433,24
id_1434,18
id_1435,13
id_1436,15
id_1437,12
id_1438,11
id_1439,5
id_1440,6
id_1441,-1
id_1442,16
id_1443,18
id_1444,24
id_1445,21
id_1446,20
id_1447,16
id_1448,17
id_1449,21
id_1450,27
id_1451,22
id_1452,22
id_1453,14
id_1454,15
id_1455,17
id_1456,16
id_1457,11
id_1458,3
id_1459,0
id_1460,0
id_1461,1
id_1462,1
id_1463,1
id_1464,0
id_1465,8
id_1466,15
id_1467,26
id_1468,24
id_1469,29
id_1470,33
id_1471,38
id_1472,41
id_1473,36
id_1474,41
id_1475,33
id_1476,37
id_1477,31
id_1478,39
id_1479,50
id_1480,45
id_1481,29
id_1482,4
id_1483,0
id_1484,13
id_1485,24
id_1486,28
id_1487,27
id_1488,28
id_1489,37
id_1490,37
id_1491,42
id_1492,38
id_1493,49
id_1494,54
id_1495,66
id_1496,68
id_1497,56
id_1498,46
id_1499,32
id_1500,36
id_1501,33
id_1502,22
id_1503,9
id_1504,3
id_1505,8
id_1506,20
id_1507,19
id_1508,23
id_1509,16
id_1510,19
id_1511,19
id_1512,23
id_1513,18
id_1514,14
id_1515,6
id_1516,21
id_1517,28
id_1518,39
id_1519,30
id_1520,31
id_1521,39
id_1522,52
id_1523,49
id_1524,33
id_1525,24
id_1526,24
id_1527,29
id_1528,36
id_1529,39
id_1530,41
id_1531,41
id_1532,40
id_1533,42
id_1534,46
id_1535,54
id_1536,59
id_1537,57
id_1538,60
id_1539,64
id_1540,66
id_1541,58
id_1542,44
id_1543,35
id_1544,36
id_1545,37
id_1546,45
id_1547,44
id_1548,47
id_1549,42
id_1550,41
id_1551,41
id_1552,38
id_1553,31
id_1554,22
id_1555,21
id_1556,19
id_1557,16
id_1558,22
id_1559,29
id_1560,41
id_1561,49
id_1562,61
id_1563,72
id_1564,71
id_1565,72
id_1566,62
id_1567,68
id_1568,61
id_1569,57
id_1570,48
id_1571,54
id_1572,61
id_1573,62
id_1574,58
id_1575,57
id_1576,57
id_1577,60
id_1578,57
id_1579,52
id_1580,54
id_1581,53
id_1582,51
id_1583,45
id_1584,35
id_1585,21
id_1586,6
id_1587,0
id_1588,5
id_1589,14
id_1590,16
id_1591,14
id_1592,4
id_1593,8
id_1594,14
id_1595,16
id_1596,14
id_1597,11
id_1598,11
id_1599,15
id_1600,9
id_1601,13
id_1602,6
id_1603,9
id_1604,8
id_1605,7
id_1606,8
id_1607,13
id_1608,13
id_1609,-1
id_1610,16
id_1611,19
id_1612,30
id_1613,35
id_1614,24
id_1615,21
id_1616,17
id_1617,26
id_1618,24
id_1619,25
id_1620,26
id_1621,21
id_1622,16
id_1623,16
id_1624,19
id_1625,12
id_1626,12
id_1627,9
id_1628,20
id_1629,23
id_1630,27
id_1631,28
id_1632,35
id_1633,50
id_1634,52
id_1635,39
id_1636,22
id_1637,26
id_1638,26
id_1639,44
id_1640,39
id_1641,38
id_1642,28
id_1643,24
id_1644,27
id_1645,26
id_1646,19
id_1647,13
id_1648,16
id_1649,23
id_1650,27
id_1651,19
id_1652,17
id_1653,16
id_1654,14
id_1655,12
id_1656,12
id_1657,21
id_1658,23
id_1659,25
id_1660,21
id_1661,28
id_1662,17
id_1663,21
id_1664,23
id_1665,27
id_1666,19
id_1667,10
id_1668,14
id_1669,19
id_1670,26
id_1671,27
id_1672,28
id_1673,29
id_1674,30
id_1675,31
id_1676,35
id_1677,43
id_1678,54
id_1679,54
id_1680,59
id_1681,68
id_1682,70
id_1683,67
id_1684,55
id_1685,46
id_1686,39
id_1687,39
id_1688,39
id_1689,41
id_1690,32
id_1691,34
id_1692,34
id_1693,39
id_1694,33
id_1695,29
id_1696,31
id_1697,30
id_1698,29
id_1699,24
id_1700,24
id_1701,27
id_1702,33
id_1703,40
id_1704,43
id_1705,37
id_1706,37
id_1707,32
id_1708,31
id_1709,25
id_1710,33
id_1711,36
id_1712,41
id_1713,37
id_1714,31
id_1715,32
id_1716,29
id_1717,23
id_1718,25
id_1719,26
id_1720,39
id_1721,39
id_1722,37
id_1723,36
id_1724,29
id_1725,34
id_1726,33
id_1727,36
id_1728,34
id_1729,26
id_1730,23
id_1731,21
id_1732,30
id_1733,25
id_1734,31
id_1735,27
id_1736,31
id_1737,19
id_1738,16
id_1739,12
id_1740,22
id_1741,24
id_1742,39
id_1743,37
id_1744,42
id_1745,26
id_1746,22
id_1747,11
id_1748,14
id_1749,11
id_1750,19
id_1751,21
id_1752,24
id_1753,14
id_1754,9
id_1755,2
id_1756,6
id_1757,9
id_1758,20
id_1759,25
id_1760,29
id_1761,25
id_1762,22
id_1763,16
id_1764,10
id_1765,15
id_1766,22
id_1767,22
id_1768,19
id_1769,15
id_1770,24
id_1771,29
id_1772,34
id_1773,33
id_1774,34
id_1775,35
id_1776,41
id_1777,42
id_1778,50
id_1779,55
id_1780,56
id_1781,55
id_1782,-1
id_1783,48
id_1784,45
id_1785,35
id_1786,38
id_1787,48
id_1788,44
id_1789,32
id_1790,17
id_1791,22
id_1792,23
id_1793,30
id_1794,25
id_1795,25
id_1796,17
id_1797,17
id_1798,25
id_1799,32
id_1800,33
id_1801,34
id_1802,31
id_1803,38
id_1804,42
id_1805,46
id_1806,44
id_1807,38
id_1808,43
id_1809,48
id_1810,49
id_1811,50
id_1812,42
id_1813,38
id_1814,29
id_1815,23
id_1816,21
id_1817,24
id_1818,29
id_1819,31
id_1820,29
id_1821,22
id_1822,19
id_1823,14
id_1824,15
id_1825,16
id_1826,21
id_1827,24
id_1828,32
id_1829,29
id_1830,30
id_1831,22
id_1832,26
id_1833,31
id_1834,33
id_1835,33
id_1836,19
id_1837,19
id_1838,20
id_1839,31
id_1840,20
id_1841,20
id_1842,20
id_1843,20
id_1844,20
id_1845,16
id_1846,17
id_1847,28
id_1848,33
id_1849,35
id_1850,30
id_1851,24
id_1852,24
id_1853,23
id_1854,28
id_1855,39
id_1856,35
id_1857,34
id_1858,19
id_1859,23
id_1860,21
id_1861,22
id_1862,13
id_1863,17
id_1864,23
id_1865,31
id_1866,24
id_1867,21
id_1868,26
id_1869,29
id_1870,35
id_1871,31
id_1872,41
id_1873,45
id_1874,52
id_1875,46
id_1876,44
id_1877,40
id_1878,41
id_1879,42
id_1880,40
id_1881,40
id_1882,23
id_1883,21
id_1884,14
id_1885,26
id_1886,21
id_1887,27
id_1888,22
id_1889,33
id_1890,31
id_1891,23
id_1892,16
id_1893,21
id_1894,29
id_1895,30
id_1896,27
id_1897,36
id_1898,37
id_1899,33
id_1900,24
id_1901,19
id_1902,19
id_1903,16
id_1904,22
id_1905,35
id_1906,47
id_1907,52
id_1908,40
id_1909,37
id_1910,37
id_1911,25
id_1912,33
id_1913,21
id_1914,22
id_1915,14
id_1916,20
id_1917,16
id_1918,21
id_1919,19
id_1920,29
id_1921,29
id_1922,36
id_1923,32
id_1924,41
id_1925,36
id_1926,33
id_1927,28
id_1928,22
id_1929,18
id_1930,10
id_1931,13
id_1932,8
id_1933,10
id_1934,4
id_1935,5
id_1936,9
id_1937,9
id_1938,9
id_1939,9
id_1940,9
id_1941,4
id_1942,0
id_1943,0
id_1944,11
id_1945,11
id_1946,19
id_1947,22
id_1948,28
id_1949,31
id_1950,34
id_1951,36
id_1952,25
id_1953,12
id_1954,4
id_1955,6
id_1956,11
id_1957,18
id_1958,21
id_1959,10
id_1960,9
id_1961,8
id_1962,14
id_1963,13
id_1964,13
id_1965,7
id_1966,2
id_1967,2
id_1968,7
id_1969,13
id_1970,26
id_1971,46
id_1972,60
id_1973,57
id_1974,51
id_1975,42
id_1976,36
id_1977,32
id_1978,23
id_1979,28
id_1980,20
id_1981,24
id_1982,19
id_1983,21
id_1984,20
id_1985,12
id_1986,3
id_1987,7
id_1988,7
id_1989,10
id_1990,12
id_1991,12
id_1992,10
id_1993,8
id_1994,20
id_1995,38
id_1996,36
id_1997,33
id_1998,24
id_1999,19
id_2000,25
id_2001,26
id_2002,38
id_2003,29
id_2004,30
id_2005,16
id_2006,14
id_2007,11
id_2008,14
id_2009,10
id_2010,4
id_2011,4
id_2012,11
id_2013,11
id_2014,5
id_2015,-1
id_2016,-1
id_2017,-1
id_2018,-1
id_2019,-1
id_2020,-1
id_2021,1
id_2022,3
id_2023,3
id_2024,5
id_2025,4
id_2026,7
id_2027,2
id_2028,2
id_2029,2
id_2030,2
id_2031,2
id_2032,-1
id_2033,-1
id_2034,-1
id_2035,4
id_2036,7
id_2037,14
id_2038,8
id_2039,5
id_2040,-1
id_2041,0
id_2042,7
id_2043,16
id_2044,15
id_2045,9
id_2046,3
id_2047,14
id_2048,13
id_2049,10
id_2050,-1
id_2051,-1
id_2052,-1
id_2053,9
id_2054,9
id_2055,9
id_2056,-1
id_2057,-1
id_2058,-1
id_2059,-1
id_2060,-1
id_2061,-1
id_2062,-1
id_2063,-1
id_2064,-1
id_2065,-1
id_2066,-1
id_2067,2
id_2068,9
id_2069,9
id_2070,15
id_2071,15
id_2072,9
id_2073,19
id_2074,17
id_2075,24
id_2076,19
id_2077,21
id_2078,14
id_2079,10
id_2080,3
id_2081,9
id_2082,15
id_2083,23
id_2084,17
id_2085,11
id_2086,9
id_2087,8
id_2088,6
id_2089,0
id_2090,11
id_2091,18
id_2092,25
id_2093,20
id_2094,23
id_2095,23
id_2096,17
id_2097,18
id_2098,14
id_2099,16
id_2100,14
id_2101,9
id_2102,6
id_2103,5
id_2104,6
id_2105,5
id_2106,0
id_2107,0
id_2108,9
id_2109,33
id_2110,39
id_2111,44
id_2112,34
id_2113,39
id_2114,31
id_2115,16
id_2116,24
id_2117,32
id_2118,57
id_2119,59
id_2120,57
id_2121,39
id_2122,27
id_2123,26
id_2124,38
id_2125,42
id_2126,44
id_2127,39
id_2128,39
id_2129,34
id_2130,20
id_2131,9
id_2132,1
id_2133,9
id_2134,9
id_2135,14
id_2136,6
id_2137,3
id_2138,0
id_2139,6
id_2140,17
id_2141,34
id_2142,35
id_2143,31
id_2144,17
id_2145,19
id_2146,14
id_2147,12
id_2148,4
id_2149,9
id_2150,11
id_2151,9
id_2152,2
id_2153,0
id_2154,0
id_2155,2
id_2156,11
id_2157,13
id_2158,9
id_2159,2
id_2160,0
id_2161,0
id_2162,0
id_2163,6
id_2164,10
id_2165,10
id_2166,9
id_2167,7
id_2168,19
id_2169,27
id_2170,37
id_2171,26
id_2172,12
id_2173,9
id_2174,17
id_2175,17
id_2176,8
id_2177,0
id_2178,0
id_2179,0
id_2180,9
id_2181,7
id_2182,9
id_2183,0
id_2184,0
id_2185,3
id_2186,3
id_2187,3
id_2188,0
id_2189,8
id_2190,16
id_2191,23
id_2192,16
id_2193,11
id_2194,6
id_2195,8
id_2196,6
id_2197,8
id_2198,9
id_2199,8
id_2200,9
id_2201,6
id_2202,6
id_2203,1
id_2204,4
id_2205,4
id_2206,1
id_2207,0
id_2208,0
id_2209,-1
id_2210,-1
id_2211,4
id_2212,7
id_2213,7
id_2214,4
id_2215,5
id_2216,14
id_2217,14
id_2218,7
id_2219,0
id_2220,6
id_2221,6
id_2222,6
id_2223,0
id_2224,0
id_2225,2
id_2226,9
id_2227,8
id_2228,6
id_2229,0
id_2230,6
id_2231,15
id_2232,16
id_2233,16
id_2234,10
id_2235,11
id_2236,14
id_2237,14
id_2238,13
id_2239,5
id_2240,2
id_2241,4
id_2242,1
id_2243,7
id_2244,5
id_2245,6
id_2246,6
id_2247,16
id_2248,21
id_2249,18
id_2250,4
id_2251,4
id_2252,4
id_2253,0
id_2254,5
id_2255,6
id_2256,6
id_2257,0
id_2258,5
id_2259,5
id_2260,8
id_2261,2
id_2262,2
id_2263,0
id_2264,6
id_2265,6
id_2266,5
id_2267,0
id_2268,0
id_2269,0
id_2270,0
id_2271,0
id_2272,0
id_2273,0
id_2274,1
id_2275,1
id_2276,9
id_2277,13
id_2278,13
id_2279,15
id_2280,9
id_2281,15
id_2282,5
id_2283,10
id_2284,15
id_2285,29
id_2286,35
id_2287,38
id_2288,39
id_2289,42
id_2290,32
id_2291,23
id_2292,14
id_2293,11
id_2294,5
id_2295,1
id_2296,1
id_2297,1
id_2298,1
id_2299,2
id_2300,2
id_2301,0
id_2302,4
id_2303,7
id_2304,14
id_2305,12
id_2306,9
id_2307,6
id_2308,2
id_2309,10
id_2310,24
id_2311,27
id_2312,29
id_2313,16
id_2314,18
id_2315,9
id_2316,20
id_2317,18
id_2318,26
id_2319,19
id_2320,22
id_2321,17
id_2322,14
id_2323,8
id_2324,11
id_2325,9
id_2326,20
id_2327,12
id_2328,12
id_2329,1
id_2330,3
id_2331,0
id_2332,3
id_2333,11
id_2334,11
id_2335,8
id_2336,1
id_2337,1
id_2338,1
id_2339,0
id_2340,0
id_2341,0
id_2342,0
id_2343,4
id_2344,4
id_2345,5
id_2346,9
id_2347,9
id_2348,9
id_2349,0
id_2350,0
id_2351,3
id_2352,8
id_2353,11
id_2354,6
id_2355,2
id_2356,2
id_2357,7
id_2358,7
id_2359,4
id_2360,3
id_2361,6
id_2362,9
id_2363,5
id_2364,12
id_2365,9
id_2366,9
id_2367,0
id_2368,0
id_2369,4
id_2370,4
id_2371,4
id_2372,3
id_2373,8
id_2374,8
id_2375,4
id_2376,0
id_2377,0
id_2378,1
id_2379,4
id_2380,4
id_2381,7
id_2382,14
id_2383,22
id_2384,19
id_2385,11
id_2386,1
id_2387,9
id_2388,9
id_2389,9
id_2390,0
id_2391,18
id_2392,15
id_2393,6
id_2394,14
id_2395,20
id_2396,26
id_2397,28
id_2398,31
id_2399,28
id_2400,25
id_2401,33
id_2402,36
id_2403,37
id_2404,32
id_2405,37
id_2406,37
id_2407,38
id_2408,37
id_2409,41
id_2410,35
id_2411,32
id_2412,27
id_2413,32
id_2414,34
id_2415,34
id_2416,23
id_2417,11
id_2418,7
id_2419,10
id_2420,17
id_2421,12
id_2422,10
id_2423,6
id_2424,13
id_2425,17
id_2426,22
id_2427,24
id_2428,20
id_2429,13
id_2430,11
id_2431,13
id_2432,20
id_2433,15
id_2434,14
id_2435,10
id_2436,11
id_2437,6
id_2438,6
id_2439,5
id_2440,9
id_2441,7
id_2442,6
id_2443,1
id_2444,1
id_2445,10
id_2446,11
id_2447,12
id_2448,2
id_2449,1
id_2450,0
id_2451,0
id_2452,6
id_2453,14
id_2454,15
id_2455,9
id_2456,1
id_2457,0
id_2458,4
id_2459,6
id_2460,15
id_2461,13
id_2462,16
id_2463,9
id_2464,6
id_2465,1
id_2466,0
id_2467,1
id_2468,4
id_2469,11
id_2470,14
id_2471,14
id_2472,14
id_2473,12
id_2474,18
id_2475,23
id_2476,32
id_2477,39
id_2478,37
id_2479,33
id_2480,29
id_2481,29
id_2482,31
id_2483,29
id_2484,31
id_2485,34
id_2486,33
id_2487,27
id_2488,13
id_2489,5
id_2490,0
id_2491,3
id_2492,7
id_2493,9
id_2494,12
id_2495,11
id_2496,15
id_2497,23
id_2498,22
id_2499,23
id_2500,11
id_2501,11
id_2502,11
id_2503,11
id_2504,3
id_2505,8
id_2506,15
id_2507,20
id_2508,22
id_2509,14
id_2510,11
id_2511,4
id_2512,6
id_2513,7
id_2514,13
id_2515,12
id_2516,16
id_2517,12
id_2518,10
id_2519,2
id_2520,3
id_2521,9
id_2522,17
id_2523,13
id_2524,12
id_2525,15
id_2526,27
id_2527,31
id_2528,22
id_2529,14
id_2530,14
id_2531,16
id_2532,15
id_2533,13
id_2534,14
id_2535,11
id_2536,5
id_2537,0
id_2538,0
id_2539,0
id_2540,0
id_2541,0
id_2542,0
id_2543,2
id_2544,4
id_2545,6
id_2546,4
id_2547,6
id_2548,11
id_2549,18
id_2550,19
id_2551,12
id_2552,4
id_2553,0
id_2554,4
id_2555,6
id_2556,9
id_2557,13
id_2558,15
id_2559,17
id_2560,12
id_2561,11
id_2562,6
id_2563,3
id_2564,0
id_2565,3
id_2566,3
id_2567,2
id_2568,0
id_2569,0
id_2570,10
id_2571,17
id_2572,23
id_2573,12
id_2574,12
id_2575,12
id_2576,16
id_2577,8
id_2578,8
id_2579,10
id_2580,18
id_2581,17
id_2582,16
id_2583,8
id_2584,3
id_2585,6
id_2586,7
id_2587,7
id_2588,0
id_2589,0
id_2590,0
id_2591,0
id_2592,8
id_2593,11
id_2594,16
id_2595,7
id_2596,5
id_2597,4
id_2598,7
id_2599,10
id_2600,12
id_2601,11
id_2602,14
id_2603,11
id_2604,14
id_2605,13
id_2606,19
id_2607,12
id_2608,13
id_2609,6
id_2610,6
id_2611,4
id_2612,9
id_2613,13
id_2614,9
id_2615,6
id_2616,4
id_2617,11
id_2618,10
id_2619,14
id_2620,9
id_2621,11
id_2622,10
id_2623,15
id_2624,10
id_2625,10
id_2626,3
id_2627,3
id_2628,2
id_2629,2
id_2630,2
id_2631,0
id_2632,0
id_2633,0
id_2634,10
id_2635,10
id_2636,10
id_2637,1
id_2638,9
id_2639,11
id_2640,9
id_2641,1
id_2642,9
id_2643,16
id_2644,16
id_2645,6
id_2646,4
id_2647,5
id_2648,11
id_2649,8
id_2650,6
id_2651,11
id_2652,9
id_2653,12
id_2654,1
id_2655,1
id_2656,0
id_2657,0
id_2658,0
id_2659,0
id_2660,5
id_2661,4
id_2662,6
id_2663,4
id_2664,4
id_2665,14
id_2666,14
id_2667,16
id_2668,21
id_2669,11
id_2670,25
id_2671,36
id_2672,37
id_2673,32
id_2674,32
id_2675,33
id_2676,27
id_2677,21
id_2678,32
id_2679,34
id_2680,29
id_2681,24
id_2682,20
id_2683,25
id_2684,21
id_2685,27
id_2686,31
id_2687,28
id_2688,25
id_2689,33
id_2690,39
id_2691,39
id_2692,27
id_2693,35
id_2694,45
id_2695,62
id_2696,56
id_2697,44
id_2698,31
id_2699,20
id_2700,21
id_2701,9
id_2702,14
id_2703,6
id_2704,15
id_2705,9
id_2706,8
id_2707,0
id_2708,0
id_2709,0
id_2710,0
id_2711,0
id_2712,7
id_2713,29
id_2714,42
id_2715,54
id_2716,57
id_2717,56
id_2718,45
id_2719,25
id_2720,26
id_2721,24
id_2722,25
id_2723,18
id_2724,19
id_2725,15
id_2726,16
id_2727,14
id_2728,26
id_2729,24
id_2730,32
id_2731,34
id_2732,35
id_2733,35
id_2734,37
id_2735,50
id_2736,42
id_2737,34
id_2738,25
id_2739,22
id_2740,22
id_2741,14
id_2742,11
id_2743,7
id_2744,9
id_2745,17
id_2746,20
id_2747,16
id_2748,9
id_2749,1
id_2750,5
id_2751,3
id_2752,3
id_2753,0
id_2754,0
id_2755,8
id_2756,13
id_2757,24
id_2758,15
id_2759,16
id_2760,8
id_2761,9
id_2762,9
id_2763,9
id_2764,17
id_2765,29
id_2766,33
id_2767,48
id_2768,53
id_2769,55
id_2770,36
id_2771,21
id_2772,10
id_2773,14
id_2774,15
id_2775,22
id_2776,14
id_2777,17
id_2778,12
id_2779,19
id_2780,14
id_2781,12
id_2782,3
id_2783,3
id_2784,4
id_2785,6
id_2786,7
id_2787,7
id_2788,5
id_2789,4
id_2790,6
id_2791,6
id_2792,4
id_2793,0
id_2794,14
id_2795,16
id_2796,16
id_2797,2
id_2798,3
id_2799,5
id_2800,5
id_2801,4
id_2802,2
id_2803,5
id_2804,11
id_2805,21
id_2806,26
id_2807,21
id_2808,20
id_2809,25
id_2810,27
id_2811,29
id_2812,29
id_2813,35
id_2814,36
id_2815,31
id_2816,29
id_2817,22
id_2818,14
id_2819,8
id_2820,6
id_2821,14
id_2822,10
id_2823,7
id_2824,10
id_2825,15
id_2826,19
id_2827,11
id_2828,11
id_2829,7
id_2830,10
id_2831,16
id_2832,21
id_2833,22
id_2834,23
id_2835,29
id_2836,32
id_2837,29
id_2838,28
id_2839,17
id_2840,13
id_2841,14
id_2842,20
id_2843,17
id_2844,14
id_2845,7
id_2846,12
id_2847,6
id_2848,6
id_2849,0
id_2850,6
id_2851,14
id_2852,22
id_2853,27
id_2854,19
id_2855,17
id_2856,10
id_2857,24
id_2858,36
id_2859,44
id_2860,30
id_2861,15
id_2862,5
id_2863,13
id_2864,13
id_2865,12
id_2866,6
id_2867,9
id_2868,16
id_2869,20
id_2870,19
id_2871,17
id_2872,10
id_2873,5
id_2874,0
id_2875,3
id_2876,2
id_2877,2
id_2878,5
id_2879,14
id_2880,41
id_2881,40
id_2882,46
id_2883,34
id_2884,45
id_2885,30
id_2886,9
id_2887,24
id_2888,23
id_2889,19
id_2890,1
id_2891,6
id_2892,18
id_2893,16
id_2894,24
id_2895,25
id_2896,28
id_2897,17
id_2898,6
id_2899,10
id_2900,20
id_2901,25
id_2902,21
id_2903,10
id_2904,15
id_2905,38
id_2906,43
id_2907,62
id_2908,62
id_2909,56
id_2910,39
id_2911,26
id_2912,49
id_2913,49
id_2914,84
id_2915,53
id_2916,112
id_2917,69
id_2918,80
id_2919,18
id_2920,49
id_2921,70
id_2922,76
id_2923,25
id_2924,7
id_2925,7
id_2926,7
id_2927,15
id_2928,20
id_2929,30
id_2930,30
id_2931,29
id_2932,27
id_2933,26
id_2934,27
id_2935,27
id_2936,20
id_2937,13
id_2938,37
id_2939,63
id_2940,42
id_2941,26
id_2942,29
id_2943,29
id_2944,41
id_2945,22
id_2946,30
id_2947,36
id_2948,37
id_2949,31
id_2950,29
id_2951,41
id_2952,50
id_2953,43
id_2954,36
id_2955,41
id_2956,58
id_2957,58
id_2958,54
id_2959,58
id_2960,46
id_2961,36
id_2962,28
id_2963,29
id_2964,25
id_2965,12
id_2966,6
id_2967,7
id_2968,8
id_2969,15
id_2970,26
id_2971,31
id_2972,53
id_2973,51
id_2974,64
id_2975,30
id_2976,28
id_2977,26
id_2978,30
id_2979,37
id_2980,53
id_2981,67
id_2982,63
id_2983,63
id_2984,63
id_2985,21
id_2986,9
id_2987,17
id_2988,15
id_2989,22
id_2990,15
id_2991,22
id_2992,15
id_2993,17
id_2994,6
id_2995,13
id_2996,13
id_2997,24
id_2998,25
id_2999,26
id_3000,23
id_3001,30
id_3002,41
id_3003,51
id_3004,48
id_3005,37
id_3006,26
id_3007,32
id_3008,31
id_3009,30
id_3010,23
id_3011,24
id_3012,29
id_3013,32
id_3014,40
id_3015,37
id_3016,32
id_3017,17
id_3018,24
id_3019,15
id_3020,21
id_3021,14
id_3022,20
id_3023,22
id_3024,20
id_3025,28
id_3026,20
id_3027,23
id_3028,23
id_3029,29
id_3030,29
id_3031,15
id_3032,14
id_3033,7
id_3034,16
id_3035,14
id_3036,13
id_3037,4
id_3038,7
id_3039,11
id_3040,12
id_3041,7
id_3042,0
id_3043,0
id_3044,0
id_3045,4
id_3046,4
id_3047,7
id_3048,4
id_3049,13
id_3050,12
id_3051,20
id_3052,-1
id_3053,-1
id_3054,27
id_3055,22
id_3056,17
id_3057,21
id_3058,21
id_3059,14
id_3060,14
id_3061,14
id_3062,14
id_3063,18
id_3064,15
id_3065,14
id_3066,16
id_3067,20
id_3068,18
id_3069,25
id_3070,17
id_3071,21
id_3072,22
id_3073,20
id_3074,24
id_3075,28
id_3076,41
id_3077,47
id_3078,44
id_3079,41
id_3080,51
id_3081,51
id_3082,57
id_3083,36
id_3084,23
id_3085,18
id_3086,16
id_3087,29
id_3088,17
id_3089,22
id_3090,10
id_3091,10
id_3092,9
id_3093,7
id_3094,16
id_3095,10
id_3096,9
id_3097,9
id_3098,15
id_3099,17
id_3100,12
id_3101,9
id_3102,14
id_3103,16
id_3104,16
id_3105,19
id_3106,19
id_3107,22
id_3108,17
id_3109,11
id_3110,5
id_3111,9
id_3112,10
id_3113,12
id_3114,4
id_3115,2
id_3116,3
id_3117,3
id_3118,8
id_3119,5
id_3120,14
id_3121,17
id_3122,21
id_3123,17
id_3124,14
id_3125,20
id_3126,16
id_3127,22
id_3128,13
id_3129,14
id_3130,13
id_3131,13
id_3132,16
id_3133,5
id_3134,5
id_3135,2
id_3136,5
id_3137,4
id_3138,3
id_3139,4
id_3140,9
id_3141,13
id_3142,11
id_3143,13
id_3144,6
id_3145,16
id_3146,11
id_3147,23
id_3148,14
id_3149,22
id_3150,19
id_3151,20
id_3152,14
id_3153,9
id_3154,13
id_3155,16
id_3156,19
id_3157,22
id_3158,17
id_3159,9
id_3160,0
id_3161,3
id_3162,3
id_3163,10
id_3164,11
id_3165,18
id_3166,11
id_3167,11
id_3168,8
id_3169,11
id_3170,16
id_3171,23
id_3172,25
id_3173,17
id_3174,11
id_3175,6
id_3176,7
id_3177,9
id_3178,12
id_3179,14
id_3180,11
id_3181,16
id_3182,11
id_3183,14
id_3184,7
id_3185,7
id_3186,5
id_3187,3
id_3188,3
id_3189,6
id_3190,6
id_3191,12
id_3192,7
id_3193,18
id_3194,21
id_3195,21
id_3196,34
id_3197,27
id_3198,21
id_3199,15
id_3200,13
id_3201,11
id_3202,9
id_3203,15
id_3204,20
id_3205,18
id_3206,16
id_3207,19
id_3208,13
id_3209,12
id_3210,13
id_3211,15
id_3212,13
id_3213,9
id_3214,7
id_3215,21
id_3216,21
id_3217,36
id_3218,22
id_3219,22
id_3220,16
id_3221,14
id_3222,12
id_3223,6
id_3224,11
id_3225,15
id_3226,12
id_3227,13
id_3228,13
id_3229,21
id_3230,18
id_3231,12
id_3232,10
id_3233,14
id_3234,12
id_3235,10
id_3236,10
id_3237,13
id_3238,11
id_3239,8
id_3240,8
id_3241,18
id_3242,22
id_3243,21
id_3244,13
id_3245,21
id_3246,26
id_3247,28
id_3248,18
id_3249,21
id_3250,16
id_3251,24
id_3252,31
id_3253,38
id_3254,24
id_3255,18
id_3256,12
id_3257,25
id_3258,21
id_3259,29
id_3260,22
id_3261,20
id_3262,26
id_3263,29
id_3264,29
id_3265,32
id_3266,37
id_3267,47
id_3268,48
id_3269,43
id_3270,35
id_3271,28
id_3272,22
id_3273,18
id_3274,14
id_3275,24
id_3276,24
id_3277,25
id_3278,26
id_3279,24
id_3280,23
id_3281,22
id_3282,27
id_3283,24
id_3284,15
id_3285,8
id_3286,16
id_3287,24
id_3288,25
id_3289,30
id_3290,26
id_3291,41
id_3292,34
id_3293,45
id_3294,45
id_3295,43
id_3296,30
id_3297,18
id_3298,22
id_3299,17
id_3300,22
id_3301,15
id_3302,16
id_3303,9
id_3304,5
id_3305,9
id_3306,12
id_3307,12
id_3308,16
id_3309,16
id_3310,16
id_3311,15
id_3312,14
id_3313,16
id_3314,15
id_3315,15
id_3316,15
id_3317,13
id_3318,15
id_3319,15
id_3320,16
id_3321,21
id_3322,24
id_3323,25
id_3324,24
id_3325,27
id_3326,27
id_3327,26
id_3328,27
id_3329,25
id_3330,18
id_3331,18
id_3332,18
id_3333,18
id_3334,18
id_3335,15
id_3336,15
id_3337,18
id_3338,21
id_3339,23
id_3340,27
id_3341,31
id_3342,30
id_3343,27
id_3344,26
id_3345,17
id_3346,23
id_3347,19
id_3348,27
id_3349,18
id_3350,30
id_3351,9
id_3352,14
id_3353,12
id_3354,12
id_3355,11
id_3356,13
id_3357,18
id_3358,13
id_3359,11
id_3360,20
id_3361,17
id_3362,25
id_3363,21
id_3364,29
id_3365,31
id_3366,26
id_3367,33
id_3368,38
id_3369,38
id_3370,32
id_3371,28
id_3372,33
id_3373,29
id_3374,25
id_3375,22
id_3376,20
id_3377,19
id_3378,21
id_3379,20
id_3380,18
id_3381,12
id_3382,15
id_3383,13
id_3384,18
id_3385,27
id_3386,30
id_3387,44
id_3388,48
id_3389,65
id_3390,50
id_3391,38
id_3392,10
id_3393,15
id_3394,15
id_3395,15
id_3396,13
id_3397,12
id_3398,22
id_3399,27
id_3400,23
id_3401,20
id_3402,12
id_3403,21
id_3404,18
id_3405,20
id_3406,22
id_3407,20
id_3408,24
id_3409,12
id_3410,21
id_3411,16
id_3412,22
id_3413,15
id_3414,22
id_3415,16
id_3416,23
id_3417,22
id_3418,19
id_3419,7
id_3420,0
id_3421,2
id_3422,5
id_3423,7
id_3424,3
id_3425,1
id_3426,0
id_3427,2
id_3428,3
id_3429,3
id_3430,2
id_3431,3
id_3432,12
id_3433,12
id_3434,19
id_3435,21
id_3436,27
id_3437,22
id_3438,15
id_3439,21
id_3440,17
id_3441,13
id_3442,9
id_3443,14
id_3444,19
id_3445,10
id_3446,10
id_3447,17
id_3448,17
id_3449,13
id_3450,2
id_3451,6
id_3452,12
id_3453,22
id_3454,19
id_3455,14
id_3456,6
id_3457,16
id_3458,11
id_3459,12
id_3460,0
id_3461,6
id_3462,11
id_3463,15
id_3464,14
id_3465,7
id_3466,5
id_3467,4
id_3468,2
id_3469,6
id_3470,4
id_3471,11
id_3472,9
id_3473,13
id_3474,12
id_3475,16
id_3476,13
id_3477,6
id_3478,11
id_3479,9
id_3480,11
id_3481,1
id_3482,10
id_3483,7
id_3484,20
id_3485,16
id_3486,27
id_3487,30
id_3488,38
id_3489,37
id_3490,29
id_3491,27
id_3492,19
id_3493,22
id_3494,22
id_3495,23
id_3496,25
id_3497,21
id_3498,27
id_3499,22
id_3500,27
id_3501,19
id_3502,22
id_3503,21
id_3504,33
id_3505,28
id_3506,28
id_3507,34
id_3508,37
id_3509,35
id_3510,35
id_3511,22
id_3512,13
id_3513,15
id_3514,11
id_3515,22
id_3516,17
id_3517,15
id_3518,5
id_3519,8
id_3520,6
id_3521,11
id_3522,4
id_3523,4
id_3524,6
id_3525,10
id_3526,10
id_3527,6
id_3528,3
id_3529,5
id_3530,2
id_3531,8
id_3532,14
id_3533,21
id_3534,22
id_3535,26
id_3536,26
id_3537,25
id_3538,16
id_3539,13
id_3540,6
id_3541,3
id_3542,4
id_3543,6
id_3544,6
id_3545,5
id_3546,5
id_3547,9
id_3548,5
id_3549,7
id_3550,4
id_3551,7
id_3552,13
id_3553,13
id_3554,20
id_3555,17
id_3556,22
id_3557,24
id_3558,23
id_3559,16
id_3560,6
id_3561,7
id_3562,7
id_3563,11
id_3564,8
id_3565,8
id_3566,6
id_3567,4
id_3568,11
id_3569,9
id_3570,13
id_3571,8
id_3572,5
id_3573,10
id_3574,8
id_3575,8
id_3576,3
id_3577,4
id_3578,6
id_3579,9
id_3580,8
id_3581,7
id_3582,0
id_3583,3
id_3584,7
id_3585,10
id_3586,9
id_3587,7
id_3588,4
id_3589,11
id_3590,11
id_3591,11
id_3592,2
id_3593,7
id_3594,7
id_3595,10
id_3596,12
id_3597,16
id_3598,13
id_3599,7
id_3600,8
id_3601,11
id_3602,11
id_3603,11
id_3604,16
id_3605,11
id_3606,7
id_3607,3
id_3608,3
id_3609,4
id_3610,1
id_3611,2
id_3612,0
id_3613,0
id_3614,3
id_3615,5
id_3616,6
id_3617,2
id_3618,6
id_3619,4
id_3620,5
id_3621,4
id_3622,4
id_3623,6
id_3624,1
id_3625,9
id_3626,14
id_3627,22
id_3628,17
id_3629,12
id_3630,7
id_3631,9
id_3632,15
id_3633,31
id_3634,35
id_3635,37
id_3636,20
id_3637,10
id_3638,4
id_3639,2
id_3640,6
id_3641,5
id_3642,7
id_3643,2
id_3644,5
id_3645,5
id_3646,5
id_3647,2
id_3648,1
id_3649,1
id_3650,1
id_3651,1
id_3652,1
id_3653,2
id_3654,14
id_3655,12
id_3656,13
id_3657,8
id_3658,9
id_3659,9
id_3660,3
id_3661,15
id_3662,11
id_3663,20
id_3664,10
id_3665,12
id_3666,7
id_3667,7
id_3668,5
id_3669,4
id_3670,2
id_3671,4
id_3672,7
id_3673,6
id_3674,11
id_3675,6
id_3676,9
id_3677,6
id_3678,13
id_3679,11
id_3680,13
id_3681,6
id_3682,10
id_3683,4
id_3684,5
id_3685,2
id_3686,2
id_3687,10
id_3688,8
id_3689,14
id_3690,10
id_3691,19
id_3692,16
id_3693,18
id_3694,13
id_3695,11
id_3696,6
id_3697,15
id_3698,12
id_3699,18
id_3700,11
id_3701,23
id_3702,25
id_3703,21
id_3704,20
id_3705,19
id_3706,16
id_3707,19
id_3708,18
id_3709,27
id_3710,15
id_3711,16
id_3712,7
id_3713,13
id_3714,11
id_3715,13
id_3716,6
id_3717,1
id_3718,5
id_3719,7
id_3720,15
id_3721,9
id_3722,19
id_3723,16
id_3724,26
id_3725,23
id_3726,29
id_3727,26
id_3728,27
id_3729,19
id_3730,16
id_3731,13
id_3732,16
id_3733,13
id_3734,16
id_3735,15
id_3736,14
id_3737,6
id_3738,4
id_3739,9
id_3740,11
id_3741,7
id_3742,9
id_3743,14
id_3744,22
id_3745,23
id_3746,22
id_3747,25
id_3748,25
id_3749,33
id_3750,34
id_3751,29
id_3752,26
id_3753,25
id_3754,36
id_3755,31
id_3756,27
id_3757,18
id_3758,14
id_3759,6
id_3760,0
id_3761,11
id_3762,15
id_3763,18
id_3764,10
id_3765,8
id_3766,12
id_3767,10
id_3768,18
id_3769,11
id_3770,18
id_3771,11
id_3772,20
id_3773,15
id_3774,12
id_3775,16
id_3776,11
id_3777,13
id_3778,3
id_3779,3
id_3780,1
id_3781,0
id_3782,0
id_3783,0
id_3784,0
id_3785,5
id_3786,9
id_3787,9
id_3788,7
id_3789,3
id_3790,5
id_3791,5
id_3792,5
id_3793,5
id_3794,9
id_3795,12
id_3796,12
id_3797,10
id_3798,7
id_3799,19
id_3800,23
id_3801,22
id_3802,12
id_3803,15
id_3804,11
id_3805,8
id_3806,3
id_3807,5
id_3808,12
id_3809,9
id_3810,7
id_3811,0
id_3812,6
id_3813,9
id_3814,9
id_3815,8
id_3816,14
id_3817,14
id_3818,13
id_3819,13
id_3820,18
id_3821,15
id_3822,7
id_3823,9
id_3824,13
id_3825,21
id_3826,17
id_3827,16
id_3828,8
id_3829,8
id_3830,3
id_3831,20
id_3832,21
id_3833,32
id_3834,24
id_3835,30
id_3836,19
id_3837,21
id_3838,16
id_3839,18
id_3840,10
id_3841,10
id_3842,7
id_3843,12
id_3844,7
id_3845,11
id_3846,10
id_3847,21
id_3848,25
id_3849,22
id_3850,18
id_3851,20
id_3852,25
id_3853,25
id_3854,16
id_3855,14
id_3856,11
id_3857,10
id_3858,18
id_3859,35
id_3860,32
id_3861,28
id_3862,14
id_3863,24
id_3864,27
id_3865,30
id_3866,37
id_3867,37
id_3868,34
id_3869,28
id_3870,16
id_3871,16
id_3872,16
id_3873,15
id_3874,11
id_3875,19
id_3876,20
id_3877,19
id_3878,20
id_3879,16
id_3880,27
id_3881,18
id_3882,16
id_3883,8
id_3884,8
id_3885,12
id_3886,20
id_3887,18
id_3888,21
id_3889,15
id_3890,23
id_3891,22
id_3892,26
id_3893,22
id_3894,27
id_3895,20
id_3896,17
id_3897,13
id_3898,13
id_3899,12
id_3900,10
id_3901,7
id_3902,9
id_3903,12
id_3904,9
id_3905,11
id_3906,10
id_3907,13
id_3908,14
id_3909,7
id_3910,6
id_3911,11
id_3912,18
id_3913,27
id_3914,25
id_3915,27
id_3916,20
id_3917,27
id_3918,29
id_3919,32
id_3920,29
id_3921,29
id_3922,29
id_3923,24
id_3924,29
id_3925,29
id_3926,31
id_3927,20
id_3928,20
id_3929,16
id_3930,22
id_3931,18
id_3932,26
id_3933,14
id_3934,12
id_3935,11
id_3936,15
id_3937,33
id_3938,36
id_3939,50
id_3940,35
id_3941,34
id_3942,24
id_3943,25
id_3944,12
id_3945,12
id_3946,10
id_3947,16
id_3948,18
id_3949,18
id_3950,22
id_3951,25
id_3952,26
id_3953,20
id_3954,16
id_3955,17
id_3956,18
id_3957,10
id_3958,13
id_3959,22
id_3960,28
id_3961,31
id_3962,34
id_3963,43
id_3964,51
id_3965,44
id_3966,39
id_3967,19
id_3968,21
id_3969,20
id_3970,22
id_3971,21
id_3972,14
id_3973,20
id_3974,20
id_3975,20
id_3976,21
id_3977,22
id_3978,34
id_3979,25
id_3980,22
id_3981,13
id_3982,16
id_3983,18
id_3984,22
id_3985,27
id_3986,20
id_3987,16
id_3988,11
id_3989,22
id_3990,25
id_3991,33
id_3992,30
id_3993,36
id_3994,39
id_3995,37
id_3996,28
id_3997,24
id_3998,24
id_3999,29
id_4000,28
id_4001,20
id_4002,13
id_4003,8
id_4004,8
id_4005,3
id_4006,7
id_4007,22
id_4008,34
id_4009,27
id_4010,20
id_4011,18
id_4012,20
id_4013,13
id_4014,7
id_4015,11
id_4016,13
id_4017,10
id_4018,11
id_4019,18
id_4020,16
id_4021,18
id_4022,11
id_4023,19
id_4024,18
id_4025,16
id_4026,11
id_4027,6
id_4028,9
id_4029,9
id_4030,11
id_4031,9
id_4032,6
id_4033,13
id_4034,23
id_4035,31
id_4036,20
id_4037,23
id_4038,21
id_4039,22
id_4040,18
id_4041,19
id_4042,22
id_4043,12
id_4044,11
id_4045,10
id_4046,8
id_4047,4
id_4048,5
id_4049,5
id_4050,6
id_4051,4
id_4052,4
id_4053,10
id_4054,9
id_4055,11
id_4056,4
id_4057,4
id_4058,12
id_4059,20
id_4060,25
id_4061,14
id_4062,13
id_4063,13
id_4064,11
id_4065,15
id_4066,17
id_4067,16
id_4068,19
id_4069,12
id_4070,16
id_4071,15
id_4072,16
id_4073,8
id_4074,9
id_4075,7
id_4076,6
id_4077,7
id_4078,5
id_4079,10
id_4080,15
id_4081,24
id_4082,38
id_4083,32
id_4084,39
id_4085,27
id_4086,29
id_4087,23
id_4088,18
id_4089,25
id_4090,15
id_4091,23
id_4092,19
id_4093,26
id_4094,23
id_4095,23
id_4096,22
id_4097,30
id_4098,35
id_4099,29
id_4100,34
id_4101,22
id_4102,29
id_4103,20
id_4104,19
id_4105,21
id_4106,14
id_4107,18
id_4108,7
id_4109,14
id_4110,10
id_4111,19
id_4112,16
id_4113,17
id_4114,13
id_4115,13
id_4116,11
id_4117,15
id_4118,9
id_4119,10
id_4120,2
id_4121,10
id_4122,7
id_4123,7
id_4124,1
id_4125,2
id_4126,2
id_4127,7
id_4128,9
id_4129,10
id_4130,10
id_4131,7
id_4132,8
id_4133,4
id_4134,9
id_4135,10
id_4136,11
id_4137,16
id_4138,13
id_4139,16
id_4140,9
id_4141,9
id_4142,7
id_4143,4
id_4144,4
id_4145,2
id_4146,2
id_4147,4
id_4148,1
id_4149,3
id_4150,2
id_4151,8
id_4152,15
id_4153,22
id_4154,20
id_4155,20
id_4156,20
id_4157,16
id_4158,14
id_4159,7
id_4160,15
id_4161,18
id_4162,25
id_4163,24
id_4164,24
id_4165,19
id_4166,13
id_4167,18
id_4168,23
id_4169,25
id_4170,16
id_4171,9
id_4172,11
id_4173,11
id_4174,15
id_4175,19
id_4176,28
id_4177,33
id_4178,40
id_4179,48
id_4180,57
id_4181,50
id_4182,35
id_4183,28
id_4184,19
id_4185,19
id_4186,11
id_4187,18
id_4188,18
id_4189,27
id_4190,22
id_4191,20
id_4192,8
id_4193,6
id_4194,11
id_4195,14
id_4196,13
id_4197,9
id_4198,12
id_4199,21
id_4200,20
id_4201,18
id_4202,27
id_4203,27
id_4204,25
id_4205,20
id_4206,16
id_4207,19
id_4208,32
id_4209,20
id_4210,28
id_4211,24
id_4212,30
id_4213,14
id_4214,18
id_4215,20
id_4216,23
id_4217,15
id_4218,9
id_4219,12
id_4220,13
id_4221,10
id_4222,13
id_4223,18
id_4224,25
id_4225,21
id_4226,26
id_4227,27
id_4228,27
id_4229,20
id_4230,22
id_4231,23
id_4232,28
id_4233,27
id_4234,33
id_4235,39
id_4236,39
id_4237,38
id_4238,32
id_4239,34
id_4240,26
id_4241,25
id_4242,17
id_4243,22
id_4244,17
id_4245,22
id_4246,20
id_4247,25
id_4248,19
id_4249,31
id_4250,38
id_4251,58
id_4252,66
id_4253,73
id_4254,72
id_4255,61
id_4256,45
id_4257,26
id_4258,30
id_4259,27
id_4260,35
id_4261,32
id_4262,31
id_4263,31
id_4264,27
id_4265,29
id_4266,32
id_4267,32
id_4268,35
id_4269,32
id_4270,29
id_4271,30
id_4272,37
id_4273,47
id_4274,48
id_4275,46
id_4276,48
id_4277,56
id_4278,48
id_4279,43
id_4280,38
id_4281,40
id_4282,38
id_4283,41
id_4284,36
id_4285,36
id_4286,32
id_4287,41
id_4288,41
id_4289,33
id_4290,37
id_4291,31
id_4292,44
id_4293,33
id_4294,40
id_4295,35
id_4296,39
id_4297,39
id_4298,34
id_4299,34
id_4300,21
id_4301,20
id_4302,20
id_4303,24
id_4304,24
id_4305,17
id_4306,18
id_4307,13
id_4308,17
id_4309,9
id_4310,4
id_4311,12
id_4312,15
id_4313,18
id_4314,26
id_4315,31
id_4316,35
id_4317,32
id_4318,34
id_4319,33
id_4320,42
id_4321,37
id_4322,38
id_4323,39
id_4324,31
id_4325,30
id_4326,17
id_4327,25
id_4328,23
id_4329,29
id_4330,30
id_4331,22
id_4332,17
id_4333,8
id_4334,12
id_4335,7
id_4336,11
id_4337,17
id_4338,18
id_4339,20
id_4340,10
id_4341,9
id_4342,9
id_4343,16
id_4344,16
id_4345,18
id_4346,20
id_4347,27
id_4348,27
id_4349,21
id_4350,25
id_4351,21
id_4352,22
id_4353,23
id_4354,21
id_4355,19
id_4356,15
id_4357,19
id_4358,17
id_4359,19
id_4360,16
id_4361,20
id_4362,14
id_4363,8
id_4364,6
id_4365,4
id_4366,6
id_4367,7
id_4368,12
id_4369,18
id_4370,21
id_4371,22
id_4372,19
id_4373,24
id_4374,28
id_4375,24
id_4376,24
id_4377,17
id_4378,27
id_4379,20
id_4380,25
id_4381,23
id_4382,25
id_4383,24
id_4384,28
id_4385,25
id_4386,22
id_4387,20
id_4388,25
id_4389,31
id_4390,30
id_4391,24
id_4392,19
id_4393,18
id_4394,13
id_4395,8
id_4396,6
id_4397,11
id_4398,11
id_4399,9
id_4400,15
id_4401,17
id_4402,22
id_4403,18
id_4404,28
id_4405,18
id_4406,11
id_4407,9
id_4408,9
id_4409,9
id_4410,0
id_4411,6
id_4412,7
id_4413,8
id_4414,3
id_4415,2
id_4416,1
id_4417,8
id_4418,11
id_4419,19
id_4420,13
id_4421,13
id_4422,6
id_4423,7
id_4424,16
id_4425,23
id_4426,21
id_4427,17
id_4428,18
id_4429,22
id_4430,25
id_4431,25
id_4432,27
id_4433,23
id_4434,15
id_4435,17
id_4436,16
id_4437,25
id_4438,22
id_4439,24
id_4440,27
id_4441,27
id_4442,35
id_4443,26
id_4444,26
id_4445,26
id_4446,32
id_4447,37
id_4448,32
id_4449,36
id_4450,26
id_4451,31
id_4452,25
id_4453,36
id_4454,33
id_4455,31
id_4456,24
id_4457,17
id_4458,21
id_4459,26
id_4460,24
id_4461,22
id_4462,16
id_4463,26
id_4464,30
id_4465,28
id_4466,24
id_4467,15
id_4468,18
id_4469,13
id_4470,11
id_4471,14
id_4472,11
id_4473,20
id_4474,19
id_4475,17
id_4476,7
id_4477,6
id_4478,13
id_4479,16
id_4480,9
id_4481,3
id_4482,4
id_4483,4
id_4484,7
id_4485,7
id_4486,9
id_4487,13
id_4488,11
id_4489,21
id_4490,21
id_4491,21
id_4492,23
id_4493,20
id_4494,19
id_4495,29
id_4496,33
id_4497,30
id_4498,32
id_4499,18
id_4500,25
id_4501,11
id_4502,14
id_4503,1
id_4504,8
id_4505,12
id_4506,13
id_4507,13
id_4508,9
id_4509,11
id_4510,6
id_4511,8
id_4512,6
id_4513,12
id_4514,14
id_4515,19
id_4516,12
id_4517,18
id_4518,23
id_4519,29
id_4520,16
id_4521,11
id_4522,5
id_4523,4
id_4524,2
id_4525,2
id_4526,2
id_4527,0
id_4528,7
id_4529,7
id_4530,8
id_4531,0
id_4532,7
id_4533,13
id_4534,14
id_4535,11
id_4536,4
id_4537,7
id_4538,6
id_4539,7
id_4540,6
id_4541,3
id_4542,4
id_4543,2
id_4544,4
id_4545,4
id_4546,11
id_4547,8
id_4548,15
id_4549,7
id_4550,13
id_4551,6
id_4552,6
id_4553,4
id_4554,4
id_4555,4
id_4556,10
id_4557,9
id_4558,18
id_4559,10
id_4560,13
id_4561,11
id_4562,10
id_4563,16
id_4564,15
id_4565,23
id_4566,17
id_4567,15
id_4568,14
id_4569,15
id_4570,11
id_4571,20
id_4572,16
id_4573,25
id_4574,15
id_4575,16
id_4576,8
id_4577,10
id_4578,20
id_4579,18
id_4580,14
id_4581,3
id_4582,9
id_4583,16
id_4584,24
id_4585,29
id_4586,22
id_4587,19
id_4588,15
id_4589,18
id_4590,15
id_4591,25
id_4592,23
id_4593,29
id_4594,25
id_4595,21
id_4596,14
id_4597,6
id_4598,6
id_4599,7
id_4600,5
id_4601,14
id_4602,13
id_4603,24
id_4604,22
id_4605,21
id_4606,18
id_4607,18
id_4608,28
id_4609,26
id_4610,31
id_4611,30
id_4612,34
id_4613,36
id_4614,35
id_4615,38
id_4616,45
id_4617,56
id_4618,56
id_4619,43
id_4620,35
id_4621,26
id_4622,21
id_4623,7
id_4624,17
id_4625,20
id_4626,20
id_4627,18
id_4628,16
id_4629,16
id_4630,16
id_4631,14
id_4632,22
id_4633,23
id_4634,23
id_4635,21
id_4636,17
id_4637,32
id_4638,43
id_4639,40
id_4640,48
id_4641,42
id_4642,49
id_4643,37
id_4644,41
id_4645,39
id_4646,37
id_4647,31
id_4648,29
id_4649,24
id_4650,21
id_4651,15
id_4652,18
id_4653,12
id_4654,15
id_4655,20
id_4656,26
id_4657,31
id_4658,34
id_4659,40
id_4660,39
id_4661,43
id_4662,45
id_4663,58
id_4664,47
id_4665,54
id_4666,44
id_4667,56
id_4668,53
id_4669,58
id_4670,43
id_4671,32
id_4672,23
id_4673,34
id_4674,41
id_4675,38
id_4676,37
id_4677,30
id_4678,39
id_4679,25
id_4680,22
id_4681,22
id_4682,27
id_4683,25
id_4684,21
id_4685,21
id_4686,31
id_4687,27
id_4688,27
id_4689,24
id_4690,24
id_4691,20
id_4692,14
id_4693,17
id_4694,20
id_4695,20
id_4696,18
id_4697,21
id_4698,21
id_4699,27
id_4700,28
id_4701,29
id_4702,30
id_4703,36
id_4704,42
id_4705,43
id_4706,35
id_4707,35
id_4708,38
id_4709,31
id_4710,40
id_4711,35
id_4712,37
id_4713,27
id_4714,23
id_4715,25
id_4716,22
id_4717,17
id_4718,6
id_4719,6
id_4720,14
id_4721,16
id_4722,22
id_4723,15
id_4724,23
id_4725,19
id_4726,35
id_4727,42
id_4728,55
id_4729,49
id_4730,47
id_4731,44
id_4732,47
id_4733,40
id_4734,39
id_4735,30
id_4736,32
id_4737,24
id_4738,27
id_4739,27
id_4740,28
id_4741,34
id_4742,32
id_4743,24
id_4744,26
id_4745,29
id_4746,40
id_4747,38
id_4748,38
id_4749,34
id_4750,34
id_4751,36
id_4752,45
id_4753,43
id_4754,44
id_4755,32
id_4756,39
id_4757,40
id_4758,44
id_4759,42
id_4760,49
id_4761,58
id_4762,65
id_4763,54
id_4764,46
id_4765,33
id_4766,30
id_4767,41
id_4768,39
id_4769,40
id_4770,28
id_4771,19
id_4772,26
id_4773,18
id_4774,28
id_4775,18
id_4776,26
id_4777,33
id_4778,53
id_4779,54
id_4780,49
id_4781,45
id_4782,46
id_4783,53
id_4784,52
id_4785,53
id_4786,46
id_4787,35
id_4788,27
id_4789,28
id_4790,24
id_4791,92
id_4792,97
id_4793,90
id_4794,76
id_4795,73
id_4796,70
id_4797,70
id_4798,59
id_4799,58
id_4800,55
id_4801,59
id_4802,54
id_4803,60
id_4804,53
id_4805,59
id_4806,46
id_4807,44
id_4808,29
id_4809,27
id_4810,26
id_4811,27
id_4812,35
id_4813,35
id_4814,41
id_4815,29
id_4816,37
id_4817,28
id_4818,36
id_4819,34
id_4820,37
id_4821,31
id_4822,33
id_4823,33
id_4824,38
id_4825,31
id_4826,23
id_4827,16
id_4828,10
id_4829,13
id_4830,15
id_4831,13
id_4832,13
id_4833,5
id_4834,7
id_4835,5
id_4836,16
id_4837,20
id_4838,25
id_4839,17
id_4840,15
id_4841,8
id_4842,11
id_4843,10
id_4844,17
id_4845,16
id_4846,12
id_4847,6
id_4848,10
id_4849,19
id_4850,19
id_4851,34
id_4852,38
id_4853,37
id_4854,31
id_4855,26
id_4856,25
id_4857,18
id_4858,13
id_4859,16
id_4860,19
id_4861,23
id_4862,14
id_4863,9
id_4864,7
id_4865,11
id_4866,8
id_4867,7
id_4868,8
id_4869,17
id_4870,19
id_4871,13
id_4872,6
id_4873,7
id_4874,16
id_4875,23
id_4876,24
id_4877,23
id_4878,23
id_4879,17
id_4880,12
id_4881,9
id_4882,10
id_4883,11
id_4884,12
id_4885,21
id_4886,16
id_4887,12
id_4888,8
id_4889,14
id_4890,14
id_4891,20
id_4892,24
id_4893,34
id_4894,31
id_4895,25
id_4896,20
id_4897,29
id_4898,42
id_4899,38
id_4900,37
id_4901,40
id_4902,50
id_4903,51
id_4904,41
id_4905,28
id_4906,21
id_4907,20
id_4908,21
id_4909,21
id_4910,20
id_4911,22
id_4912,18
id_4913,22
id_4914,18
id_4915,15
id_4916,5
id_4917,11
id_4918,19
id_4919,26
id_4920,23
id_4921,22
id_4922,20
id_4923,18
id_4924,20
id_4925,19
id_4926,26
id_4927,23
id_4928,28
id_4929,26
id_4930,29
id_4931,24
id_4932,23
id_4933,17
id_4934,18
id_4935,15
id_4936,19
id_4937,13
id_4938,11
id_4939,9
id_4940,9
id_4941,9
id_4942,6
id_4943,24
id_4944,37
id_4945,38
id_4946,32
id_4947,35
id_4948,37
id_4949,38
id_4950,27
id_4951,21
id_4952,18
id_4953,15
id_4954,22
id_4955,25
id_4956,29
id_4957,24
id_4958,24
id_4959,32
id_4960,41
id_4961,50
id_4962,46
id_4963,45
id_4964,36
id_4965,35
id_4966,36
id_4967,33
id_4968,29
id_4969,34
id_4970,32
id_4971,44
id_4972,64
id_4973,94
id_4974,88
id_4975,70
id_4976,71
id_4977,81
id_4978,83
id_4979,63
id_4980,53
id_4981,38
id_4982,29
id_4983,24
id_4984,24
id_4985,19
id_4986,15
id_4987,6
id_4988,1
id_4989,0
id_4990,1
id_4991,1
id_4992,5
id_4993,7
id_4994,9
id_4995,9
id_4996,5
id_4997,8
id_4998,4
id_4999,11
id_5000,6
id_5001,6
id_5002,0
id_5003,5
id_5004,6
id_5005,10
id_5006,4
id_5007,3
id_5008,0
id_5009,0
id_5010,0
id_5011,0
id_5012,0
id_5013,0
id_5014,0
id_5015,4
id_5016,12
id_5017,12
id_5018,18
id_5019,18
id_5020,21
id_5021,32
id_5022,33
id_5023,21
id_5024,13
id_5025,1
id_5026,4
id_5027,5
id_5028,14
id_5029,18
id_5030,19
id_5031,11
id_5032,6
id_5033,14
id_5034,12
id_5035,12
id_5036,0
id_5037,2
id_5038,7
id_5039,12
id_5040,23
id_5041,36
id_5042,44
id_5043,47
id_5044,44
id_5045,39
id_5046,32
id_5047,17
id_5048,19
id_5049,27
id_5050,41
id_5051,45
id_5052,41
id_5053,40
id_5054,28
id_5055,21
id_5056,16
id_5057,26
id_5058,18
id_5059,11
id_5060,6
id_5061,7
id_5062,12
id_5063,4
id_5064,6
id_5065,1
id_5066,1
id_5067,0
id_5068,6
id_5069,18
id_5070,30
id_5071,30
id_5072,18
id_5073,11
id_5074,10
id_5075,21
id_5076,17
id_5077,18
id_5078,14
id_5079,14
id_5080,11
id_5081,14
id_5082,14
id_5083,10
id_5084,4
id_5085,9
id_5086,14
id_5087,10
id_5088,17
id_5089,11
id_5090,17
id_5091,8
id_5092,14
id_5093,16
id_5094,26
id_5095,33
id_5096,33
id_5097,37
id_5098,26
id_5099,21
id_5100,18
id_5101,24
id_5102,20
id_5103,9
id_5104,6
id_5105,6
id_5106,5
id_5107,0
id_5108,4
id_5109,7
id_5110,9
id_5111,12
id_5112,14
id_5113,19
id_5114,13
id_5115,11
id_5116,9
id_5117,6
id_5118,3
id_5119,3
id_5120,13
id_5121,19
id_5122,15
id_5123,4
id_5124,7
id_5125,12
id_5126,13
id_5127,9
id_5128,4
id_5129,6
id_5130,1
id_5131,1
id_5132,0
id_5133,0
id_5134,0
id_5135,4
id_5136,6
id_5137,6
id_5138,0
id_5139,2
id_5140,14
id_5141,34
id_5142,54
id_5143,69
id_5144,66
id_5145,59
id_5146,36
id_5147,33
id_5148,18
id_5149,11
id_5150,0
id_5151,0
id_5152,0
id_5153,0
id_5154,0
id_5155,1
id_5156,1
id_5157,13
id_5158,19
id_5159,23
id_5160,14
id_5161,5
id_5162,5
id_5163,11
id_5164,16
id_5165,18
id_5166,18
id_5167,18
id_5168,-1
id_5169,-1
id_5170,-1
id_5171,-1
id_5172,-1
id_5173,-1
id_5174,-1
id_5175,-1
id_5176,-1
id_5177,-1
id_5178,-1
id_5179,-1
id_5180,-1
id_5181,-1
id_5182,-1
id_5183,-1
id_5184,-1
id_5185,-1
id_5186,18
id_5187,0
id_5188,15
id_5189,19
id_5190,19
id_5191,19
id_5192,12
id_5193,3
id_5194,6
id_5195,11
id_5196,11
id_5197,8
id_5198,6
id_5199,6
id_5200,12
id_5201,11
id_5202,11
id_5203,7
id_5204,3
id_5205,13
id_5206,31
id_5207,47
id_5208,47
id_5209,31
id_5210,17
id_5211,14
id_5212,18
id_5213,22
id_5214,22
id_5215,21
id_5216,21
id_5217,19
id_5218,14
id_5219,7
id_5220,6
id_5221,10
id_5222,14
id_5223,9
id_5224,3
id_5225,0
id_5226,4
id_5227,4
id_5228,8
id_5229,2
id_5230,4
id_5231,8
id_5232,14
id_5233,20
id_5234,19
id_5235,23
id_5236,49
id_5237,71
id_5238,69
id_5239,38
id_5240,9
id_5241,9
id_5242,14
id_5243,20
id_5244,18
id_5245,13
id_5246,10
id_5247,10
id_5248,8
id_5249,8
id_5250,2
id_5251,2
id_5252,0
id_5253,4
id_5254,14
id_5255,25
id_5256,20
id_5257,11
id_5258,5
id_5259,13
id_5260,25
id_5261,26
id_5262,26
id_5263,25
id_5264,34
id_5265,39
id_5266,38
id_5267,33
id_5268,24
id_5269,24
id_5270,24
id_5271,22
id_5272,17
id_5273,17
id_5274,22
id_5275,27
id_5276,26
id_5277,9
id_5278,4
id_5279,0
id_5280,0
id_5281,3
id_5282,4
id_5283,4
id_5284,4
id_5285,1
id_5286,18
id_5287,30
id_5288,33
id_5289,15
id_5290,10
id_5291,10
id_5292,16
id_5293,20
id_5294,21
id_5295,14
id_5296,6
id_5297,0
id_5298,10
id_5299,15
id_5300,24
id_5301,15
id_5302,14
id_5303,14
id_5304,21
id_5305,21
id_5306,21
id_5307,22
id_5308,16
id_5309,12
id_5310,4
id_5311,13
id_5312,13
id_5313,17
id_5314,7
id_5315,5
id_5316,4
id_5317,20
id_5318,19
id_5319,20
id_5320,5
id_5321,12
id_5322,15
id_5323,22
id_5324,14
id_5325,6
id_5326,4
id_5327,13
id_5328,20
id_5329,31
id_5330,32
id_5331,37
id_5332,28
id_5333,32
id_5334,38
id_5335,36
id_5336,35
id_5337,27
id_5338,24
id_5339,21
id_5340,26
id_5341,34
id_5342,29
id_5343,21
id_5344,21
id_5345,21
id_5346,0
id_5347,0
id_5348,0
id_5349,0
id_5350,0
id_5351,0
id_5352,0
id_5353,0
id_5354,0
id_5355,0
id_5356,0
id_5357,0
id_5358,10
id_5359,18
id_5360,18
id_5361,18
id_5362,18
id_5363,18
id_5364,18
id_5365,18
id_5366,18
id_5367,20
id_5368,20
id_5369,20
id_5370,20
id_5371,20
id_5372,21
id_5373,29
id_5374,29
id_5375,27
id_5376,21
id_5377,13
id_5378,4
id_5379,7
id_5380,12
id_5381,13
id_5382,11
id_5383,18
id_5384,28
id_5385,33
id_5386,37
id_5387,30
id_5388,19
id_5389,7
id_5390,7
id_5391,7
id_5392,2
id_5393,0
id_5394,0
id_5395,1
id_5396,5
id_5397,9
id_5398,8
id_5399,2
id_5400,1
id_5401,4
id_5402,7
id_5403,10
id_5404,16
id_5405,15
id_5406,16
id_5407,22
id_5408,25
id_5409,27
id_5410,18
id_5411,19
id_5412,12
id_5413,10
id_5414,6
id_5415,8
id_5416,6
id_5417,19
id_5418,21
id_5419,20
id_5420,4
id_5421,0
id_5422,0
id_5423,0
id_5424,3
id_5425,14
id_5426,19
id_5427,29
id_5428,29
id_5429,34
id_5430,35
id_5431,36
id_5432,40
id_5433,31
id_5434,35
id_5435,37
id_5436,35
id_5437,34
id_5438,26
id_5439,27
id_5440,15
id_5441,11
id_5442,11
id_5443,14
id_5444,15
id_5445,15
id_5446,17
id_5447,23
id_5448,24
id_5449,22
id_5450,13
id_5451,-1
id_5452,-1
id_5453,7
id_5454,12
id_5455,15
id_5456,25
id_5457,37
id_5458,36
id_5459,34
id_5460,22
id_5461,13
id_5462,4
id_5463,4
id_5464,11
id_5465,22
id_5466,23
id_5467,16
id_5468,9
id_5469,4
id_5470,6
id_5471,3
id_5472,13
id_5473,22
id_5474,26
id_5475,18
id_5476,22
id_5477,33
id_5478,40
id_5479,40
id_5480,32
id_5481,30
id_5482,30
id_5483,34
id_5484,37
id_5485,37
id_5486,26
id_5487,18
id_5488,19
id_5489,38
id_5490,52
id_5491,53
id_5492,39
id_5493,17
id_5494,9
id_5495,6
id_5496,12
id_5497,16
id_5498,15
id_5499,16
id_5500,20
id_5501,30
id_5502,24
id_5503,32
id_5504,33
id_5505,40
id_5506,24
id_5507,15
id_5508,7
id_5509,16
id_5510,19
id_5511,23
id_5512,11
id_5513,6
id_5514,1
id_5515,1
id_5516,1
id_5517,0
id_5518,0
id_5519,1
id_5520,1
id_5521,5
id_5522,4
id_5523,4
id_5524,4
id_5525,7
id_5526,13
id_5527,17
id_5528,17
id_5529,11
id_5530,20
id_5531,29
id_5532,33
id_5533,19
id_5534,6
id_5535,6
id_5536,14
id_5537,12
id_5538,12
id_5539,2
id_5540,4
id_5541,1
id_5542,1
id_5543,3
id_5544,4
id_5545,4
id_5546,0
id_5547,1
id_5548,12
id_5549,26
id_5550,39
id_5551,46
id_5552,48
id_5553,51
id_5554,43
id_5555,34
id_5556,33
id_5557,36
id_5558,28
id_5559,24
id_5560,16
id_5561,27
id_5562,21
id_5563,22
id_5564,27
id_5565,29
id_5566,37
id_5567,23
id_5568,17
id_5569,14
id_5570,19
id_5571,25
id_5572,23
id_5573,23
id_5574,19
id_5575,21
id_5576,29
id_5577,38
id_5578,37
id_5579,33
id_5580,21
id_5581,24
id_5582,21
id_5583,26
id_5584,19
id_5585,17
id_5586,19
id_5587,32
id_5588,26
id_5589,21
id_5590,6
id_5591,17
id_5592,14
id_5593,21
id_5594,14
id_5595,32
id_5596,31
id_5597,47
id_5598,55
id_5599,66
id_5600,70
id_5601,66
id_5602,66
id_5603,70
id_5604,70
id_5605,59
id_5606,53
id_5607,49
id_5608,57
id_5609,53
id_5610,65
id_5611,64
id_5612,68
id_5613,52
id_5614,42
id_5615,31
id_5616,27
id_5617,35
id_5618,42
id_5619,41
id_5620,29
id_5621,21
id_5622,17
id_5623,24
id_5624,23
id_5625,18
id_5626,23
id_5627,21
id_5628,27
id_5629,14
id_5630,10
id_5631,5
id_5632,9
id_5633,17
id_5634,26
id_5635,33
id_5636,32
id_5637,24
id_5638,16
id_5639,16
id_5640,21
id_5641,29
id_5642,26
id_5643,21
id_5644,10
id_5645,8
id_5646,16
id_5647,28
id_5648,37
id_5649,39
id_5650,36
id_5651,36
id_5652,31
id_5653,26
id_5654,19
id_5655,21
id_5656,26
id_5657,26
id_5658,31
id_5659,29
id_5660,21
id_5661,13
id_5662,13
id_5663,21
id_5664,23
id_5665,23
id_5666,20
id_5667,20
id_5668,20
id_5669,12
id_5670,6
id_5671,4
id_5672,11
id_5673,11
id_5674,5
id_5675,0
id_5676,6
id_5677,6
id_5678,5
id_5679,0
id_5680,2
id_5681,2
id_5682,3
id_5683,3
id_5684,3
id_5685,11
id_5686,13
id_5687,14
id_5688,8
id_5689,3
id_5690,12
id_5691,23
id_5692,29
id_5693,31
id_5694,31
id_5695,36
id_5696,31
id_5697,31
id_5698,34
id_5699,39
id_5700,36
id_5701,24
id_5702,23
id_5703,14
id_5704,16
id_5705,13
id_5706,14
id_5707,21
id_5708,19
id_5709,23
id_5710,18
id_5711,17
id_5712,24
id_5713,28
id_5714,33
id_5715,26
id_5716,23
id_5717,21
id_5718,21
id_5719,19
id_5720,19
id_5721,25
id_5722,19
id_5723,11
id_5724,0
id_5725,7
id_5726,7
id_5727,6
id_5728,1
id_5729,1
id_5730,1
id_5731,0
id_5732,0
id_5733,0
id_5734,2
id_5735,2
id_5736,8
id_5737,8
id_5738,10
id_5739,4
id_5740,1
id_5741,1
id_5742,7
id_5743,24
id_5744,37
id_5745,49
id_5746,37
id_5747,28
id_5748,17
id_5749,24
id_5750,29
